Src_IP,Dest_IP,Flow_IAT_Min,Src_port,Tot_Fwd_Pkts,Init_Bwd_Win_Bytes,Label
192.168.1.145,10.0.0.151,67.06894461004167,31672,64,8293,0
192.168.1.58,10.0.0.87,21.167150136940414,59845,79,4458,0
192.168.1.163,10.0.0.105,78.54510178184601,33653,84,8279,0
192.168.1.77,10.0.0.127,72.08938296096035,49737,4,5546,0
192.168.1.45,10.0.0.10,13.864488088056934,45624,2,9953,0
192.168.1.84,10.0.0.83,79.96769137796079,51295,71,3488,0
192.168.1.147,10.0.0.199,15.219878653074762,50056,14,6678,0
192.168.1.66,10.0.0.222,57.752050885859674,62082,91,1629,0
192.168.1.138,10.0.0.4,10.283240084260513,56073,46,6070,0
192.168.1.55,10.0.0.141,29.88354153553416,7469,20,2771,0
192.168.1.217,10.0.0.162,85.37409417224264,28192,88,7033,0
192.168.1.208,10.0.0.255,81.47421212209959,25602,69,5402,0
192.168.1.145,10.0.0.39,7.228717702695747,19078,53,1194,0
192.168.1.201,10.0.0.108,6.969877137513742,16076,93,7135,0
192.168.1.120,10.0.0.112,24.96326497886851,22963,62,1413,0
192.168.1.23,10.0.0.106,80.97566311603762,26292,84,8730,0
192.168.1.236,10.0.0.186,71.69641175340178,12166,71,9747,0
192.168.1.173,10.0.0.27,16.022355333080764,38686,45,2071,1
192.168.1.129,10.0.0.38,54.87818579872292,44210,99,1087,0
192.168.1.52,10.0.0.143,72.44386675425264,20714,19,4441,0
192.168.1.197,10.0.0.78,68.03297197761306,16489,11,8950,0
192.168.1.188,10.0.0.231,27.72587873149356,14895,22,4902,0
192.168.1.215,10.0.0.160,10.188576602241865,39542,93,714,0
192.168.1.12,10.0.0.117,58.27950577256751,40230,75,9711,1
192.168.1.30,10.0.0.9,46.43793613081665,14679,63,8324,1
192.168.1.168,10.0.0.143,52.40193555347055,1516,25,6798,0
192.168.1.51,10.0.0.70,65.0647464370663,17637,90,2958,0
192.168.1.27,10.0.0.97,1.8564971619539725,3433,92,9797,0
192.168.1.7,10.0.0.154,25.345919819743557,8303,83,7058,0
192.168.1.25,10.0.0.49,61.95272933089997,33260,84,828,1
192.168.1.120,10.0.0.172,10.864825783791632,18895,82,5975,0
192.168.1.32,10.0.0.58,64.46701420143022,59779,16,435,0
192.168.1.115,10.0.0.222,95.38272961301793,4695,9,5081,0
192.168.1.30,10.0.0.226,87.38243570935586,28397,7,4521,0
192.168.1.34,10.0.0.201,76.01840017095861,25178,13,4381,0
192.168.1.95,10.0.0.149,8.454683771035791,31931,64,5882,0
192.168.1.208,10.0.0.70,85.3354235748945,16892,89,7305,0
192.168.1.64,10.0.0.62,3.965396357300744,5010,23,4982,0
192.168.1.202,10.0.0.172,40.36550358645328,57204,17,8722,0
192.168.1.198,10.0.0.31,91.0079213574773,61361,43,9824,0
192.168.1.39,10.0.0.67,7.212784048958365,17171,59,183,0
192.168.1.53,10.0.0.174,58.87789726643663,43423,89,9405,0
192.168.1.150,10.0.0.62,89.02923853998797,43018,72,3164,0
192.168.1.144,10.0.0.241,96.47895430958954,57164,73,5410,0
192.168.1.233,10.0.0.163,99.02003622332245,29404,88,179,0
192.168.1.191,10.0.0.11,30.045424789836364,58765,66,450,0
192.168.1.37,10.0.0.87,5.684604738590844,14407,26,7397,0
192.168.1.96,10.0.0.248,13.372253415612487,50812,26,6237,0
192.168.1.155,10.0.0.51,5.960896040749228,21595,85,6809,0
192.168.1.57,10.0.0.73,69.32553007073022,39455,84,8139,0
192.168.1.60,10.0.0.202,67.61304242569587,9479,87,4583,0
192.168.1.234,10.0.0.36,56.08458552786611,41352,2,2387,0
192.168.1.231,10.0.0.210,82.87887506287738,27804,73,6418,0
192.168.1.84,10.0.0.29,67.67647161440222,19072,73,4278,0
192.168.1.231,10.0.0.151,70.79040874098327,2753,87,4744,0
192.168.1.120,10.0.0.1,10.175977119175037,1946,66,3945,0
192.168.1.213,10.0.0.162,21.83859386259406,35200,91,2590,0
192.168.1.226,10.0.0.64,94.30088088641996,8186,93,3802,0
192.168.1.127,10.0.0.44,68.38884302279412,787,69,8289,0
192.168.1.149,10.0.0.157,43.071771247426845,556,18,3826,0
192.168.1.123,10.0.0.208,25.406799490587442,14391,21,301,0
192.168.1.98,10.0.0.24,69.1418749369174,51443,45,5294,0
192.168.1.121,10.0.0.247,21.733282167976782,29804,69,4772,0
192.168.1.221,10.0.0.84,57.019373628123226,13778,56,422,0
192.168.1.238,10.0.0.163,40.297529726688175,46551,24,3281,0
192.168.1.145,10.0.0.151,13.454703770386823,41438,8,9152,0
192.168.1.177,10.0.0.114,79.02362981493916,38303,22,8673,0
192.168.1.200,10.0.0.13,64.66400719123303,14342,21,4919,0
192.168.1.179,10.0.0.110,32.818081283937794,56562,58,2920,0
192.168.1.99,10.0.0.20,62.327965970968286,64007,67,5152,0
192.168.1.127,10.0.0.57,4.6228394394576755,25993,87,6627,0
192.168.1.178,10.0.0.97,63.64723266376736,19201,73,7504,0
192.168.1.246,10.0.0.24,0.8621483691728882,49430,28,1365,0
192.168.1.118,10.0.0.233,74.22980501406963,12822,88,4029,0
192.168.1.91,10.0.0.114,20.63290242037011,18845,37,1284,0
192.168.1.129,10.0.0.182,48.06925549122341,12317,14,3349,0
192.168.1.40,10.0.0.14,65.83793941124097,16121,61,480,0
192.168.1.121,10.0.0.125,76.3391581178187,15265,44,2600,0
192.168.1.217,10.0.0.75,55.616985786955,40730,51,4612,0
192.168.1.9,10.0.0.188,58.91121579397105,45284,100,2843,0
192.168.1.115,10.0.0.144,42.249859170041454,41745,20,9391,1
192.168.1.112,10.0.0.116,30.536462287467582,56294,87,1081,0
192.168.1.159,10.0.0.101,95.53206535910621,22517,29,9972,0
192.168.1.24,10.0.0.220,17.02428133905739,1442,91,4546,0
192.168.1.165,10.0.0.13,54.682489201763836,49990,96,5534,0
192.168.1.225,10.0.0.45,44.98637735443297,24594,8,8718,0
192.168.1.233,10.0.0.201,11.656184789024188,20032,9,1085,0
192.168.1.55,10.0.0.201,43.41451515704085,56201,86,2759,0
192.168.1.141,10.0.0.82,30.228167535515375,11858,77,1606,0
192.168.1.7,10.0.0.72,82.16407754961705,28307,68,1152,0
192.168.1.208,10.0.0.173,77.77849010800576,112,84,3788,0
192.168.1.88,10.0.0.43,25.50348911205492,11898,42,4497,0
192.168.1.19,10.0.0.29,16.9892079317334,16480,99,2045,0
192.168.1.168,10.0.0.25,19.04247152216034,49012,68,2164,0
192.168.1.22,10.0.0.206,8.980068658940821,46929,22,3410,0
192.168.1.7,10.0.0.235,71.79447814240116,13511,5,7400,0
192.168.1.148,10.0.0.38,28.78832630816079,34824,99,2109,0
192.168.1.169,10.0.0.196,5.324560777579753,34257,85,5215,0
192.168.1.195,10.0.0.149,87.65597882059252,8275,62,6735,0
192.168.1.210,10.0.0.245,58.24877266826137,65410,87,560,0
192.168.1.28,10.0.0.50,5.291866084130184,28170,12,2532,0
192.168.1.166,10.0.0.242,87.58542964914336,2191,82,2601,0
192.168.1.255,10.0.0.85,62.742445221592966,14308,86,8461,0
192.168.1.209,10.0.0.184,42.361997409224735,52722,12,5343,0
192.168.1.28,10.0.0.235,33.42948901995887,52956,56,4372,0
192.168.1.102,10.0.0.197,16.11298141132358,55863,44,5446,0
192.168.1.139,10.0.0.69,82.15607915177823,15672,90,7547,0
192.168.1.180,10.0.0.46,20.69971949708243,46704,17,8470,0
192.168.1.15,10.0.0.93,20.098170051373494,44461,21,3287,0
192.168.1.38,10.0.0.37,25.05111586982824,38617,29,8176,0
192.168.1.50,10.0.0.240,10.533957082572652,18753,45,1733,0
192.168.1.152,10.0.0.159,98.1490559639335,41386,85,6487,0
192.168.1.38,10.0.0.133,15.197923028273298,33420,100,5811,0
192.168.1.226,10.0.0.237,28.051645665462498,3877,85,1867,0
192.168.1.250,10.0.0.199,19.190977809649358,39253,99,3941,0
192.168.1.60,10.0.0.28,80.18906146625957,14735,77,2128,0
192.168.1.176,10.0.0.49,25.201825075069166,27589,84,6889,0
192.168.1.78,10.0.0.96,9.167666382184798,62404,65,7450,0
192.168.1.199,10.0.0.102,87.23665969970145,31014,88,5825,0
192.168.1.107,10.0.0.39,30.922421431573483,49182,36,6961,0
192.168.1.70,10.0.0.247,56.27315714407652,36604,64,1546,0
192.168.1.144,10.0.0.2,78.04033953058516,9997,90,559,0
192.168.1.209,10.0.0.213,64.5488323178633,52714,10,6055,1
192.168.1.7,10.0.0.36,6.688565225139424,42979,64,4756,0
192.168.1.98,10.0.0.98,68.67215846370758,22993,50,7276,0
192.168.1.236,10.0.0.136,98.01967519979553,23531,57,9160,0
192.168.1.177,10.0.0.129,63.31922698893825,64763,12,9114,0
192.168.1.44,10.0.0.227,20.016292594091333,31986,88,6537,0
192.168.1.185,10.0.0.103,52.335412038141754,31333,65,8826,0
192.168.1.4,10.0.0.146,35.45016139792087,4239,95,6797,1
192.168.1.114,10.0.0.71,16.39376229269249,50397,68,5604,0
192.168.1.29,10.0.0.121,96.21727601163015,3623,40,5314,0
192.168.1.151,10.0.0.66,80.12851727054625,57443,56,9440,0
192.168.1.47,10.0.0.8,75.91080753548543,60128,53,6791,0
192.168.1.3,10.0.0.85,76.79139648527978,64722,72,6700,0
192.168.1.249,10.0.0.35,26.652788520326457,37772,85,4657,0
192.168.1.7,10.0.0.24,43.06909756798533,58619,18,9778,0
192.168.1.86,10.0.0.255,45.68712980443264,3786,68,1985,0
192.168.1.74,10.0.0.178,46.99320838010728,33227,95,9149,0
192.168.1.118,10.0.0.92,21.91400339433338,12748,90,2257,0
192.168.1.47,10.0.0.46,76.15414133041352,57178,37,8903,0
192.168.1.112,10.0.0.29,88.07623473141906,36848,23,2195,0
192.168.1.37,10.0.0.49,71.51184454952626,54386,98,7750,0
192.168.1.49,10.0.0.27,47.23803875010385,30479,57,2193,0
192.168.1.102,10.0.0.202,46.290834102336646,14067,8,2281,0
192.168.1.129,10.0.0.30,11.28129911451124,37067,28,9670,0
192.168.1.42,10.0.0.218,84.23583308688208,43944,2,8722,0
192.168.1.166,10.0.0.111,6.0309225042803325,32425,23,8962,0
192.168.1.119,10.0.0.168,54.05156229499122,3762,32,6433,0
192.168.1.229,10.0.0.236,89.49094307647064,203,96,6965,0
192.168.1.70,10.0.0.169,80.66411032980734,64292,6,9564,0
192.168.1.252,10.0.0.61,86.54617517725261,8620,90,8261,0
192.168.1.149,10.0.0.52,5.631089542943701,11523,95,346,0
192.168.1.253,10.0.0.37,48.48510615966668,62659,9,4300,0
192.168.1.4,10.0.0.122,55.94235777923426,51479,84,4824,0
192.168.1.169,10.0.0.124,41.79936740287659,5837,40,566,0
192.168.1.89,10.0.0.198,36.28299206891889,43251,34,1807,0
192.168.1.3,10.0.0.195,1.6830925852886323,33636,33,8685,0
192.168.1.248,10.0.0.9,62.447316305090794,23725,66,1455,0
192.168.1.25,10.0.0.155,64.66928628467174,51572,45,9437,0
192.168.1.48,10.0.0.246,17.024403735565848,45030,17,6278,0
192.168.1.124,10.0.0.54,98.11666300004204,35777,46,1165,0
192.168.1.20,10.0.0.108,77.2990834034021,3947,12,7253,0
192.168.1.115,10.0.0.217,2.621925020074585,34974,53,7041,0
192.168.1.210,10.0.0.119,99.61325981990082,47753,22,9135,0
192.168.1.191,10.0.0.152,73.6186331701094,29568,53,7175,0
192.168.1.230,10.0.0.23,74.04181659513203,235,82,2513,0
192.168.1.30,10.0.0.249,23.629144952525277,47793,78,4749,0
192.168.1.141,10.0.0.250,72.5269533592572,25975,98,8982,0
192.168.1.201,10.0.0.164,95.33864689630427,40569,41,7174,0
192.168.1.192,10.0.0.228,32.1595139904645,32537,90,1225,0
192.168.1.255,10.0.0.164,40.202506249751366,40642,68,8663,0
192.168.1.193,10.0.0.82,60.72729323362402,43208,62,4292,0
192.168.1.66,10.0.0.118,40.62258573817621,3630,92,7800,0
192.168.1.201,10.0.0.56,89.55437147514868,32839,81,7891,0
192.168.1.130,10.0.0.184,60.69732991737437,18646,71,4250,0
192.168.1.249,10.0.0.85,90.58946149434819,12731,66,9103,0
192.168.1.171,10.0.0.92,38.245601312673344,60735,60,6414,0
192.168.1.215,10.0.0.53,3.8697444895653086,47509,29,9585,1
192.168.1.110,10.0.0.125,30.47675596915051,7406,73,6786,0
192.168.1.179,10.0.0.155,18.28622687553381,4651,16,3130,0
192.168.1.109,10.0.0.64,91.31216906686815,16904,68,4321,0
192.168.1.30,10.0.0.218,28.76364262035921,9456,50,3921,0
192.168.1.93,10.0.0.221,44.89638917243448,26233,41,7883,0
192.168.1.162,10.0.0.142,32.133865171769926,5624,32,3039,0
192.168.1.174,10.0.0.240,39.35768270891226,64504,99,1315,0
192.168.1.181,10.0.0.104,64.4765405921451,60947,16,9800,0
192.168.1.96,10.0.0.186,88.3284058594234,33202,68,5665,0
192.168.1.91,10.0.0.158,64.44298691846808,31476,52,7917,0
192.168.1.97,10.0.0.47,16.32501713096431,55451,68,4027,0
192.168.1.103,10.0.0.199,6.169912238232117,48139,16,578,0
192.168.1.116,10.0.0.195,79.3665550226207,41242,23,8198,0
192.168.1.68,10.0.0.225,81.87182208096998,3381,64,113,0
192.168.1.210,10.0.0.41,81.0459796316008,16111,83,8779,0
192.168.1.175,10.0.0.163,25.356980451917103,60299,2,610,0
192.168.1.132,10.0.0.129,45.39713753107367,6687,31,2409,0
192.168.1.236,10.0.0.67,55.407132356533204,61714,83,2450,0
192.168.1.110,10.0.0.131,40.600046626689654,12992,52,586,0
192.168.1.184,10.0.0.229,34.15291008077433,29621,29,3530,0
192.168.1.155,10.0.0.77,58.72058086429532,51710,83,6358,0
192.168.1.154,10.0.0.70,42.702804324412654,2280,68,2584,1
192.168.1.79,10.0.0.208,66.31275473741887,37094,58,6809,1
192.168.1.130,10.0.0.65,56.76822748847758,32492,85,6192,0
192.168.1.151,10.0.0.38,51.01907412266286,46003,9,4828,0
192.168.1.15,10.0.0.83,73.02991479108944,35243,60,2849,0
192.168.1.65,10.0.0.92,88.3807760531319,54225,70,4091,0
192.168.1.216,10.0.0.108,64.70625825086884,53486,24,1385,0
192.168.1.43,10.0.0.132,24.580431908899655,21625,72,9193,0
192.168.1.135,10.0.0.248,95.41322334664665,43763,75,2348,0
192.168.1.127,10.0.0.75,13.901771059517603,10892,100,2003,0
192.168.1.130,10.0.0.164,79.41785368054016,35154,23,8706,0
192.168.1.5,10.0.0.251,81.62635968032009,64218,78,3811,0
192.168.1.1,10.0.0.96,86.6407785811065,45810,62,6404,0
192.168.1.174,10.0.0.249,52.33915786234061,23599,94,1056,0
192.168.1.14,10.0.0.252,56.25532040765367,34411,89,3381,0
192.168.1.254,10.0.0.245,77.29509197608566,18357,41,8036,0
192.168.1.4,10.0.0.150,70.91750167374865,17581,37,8157,0
192.168.1.158,10.0.0.158,32.87160028349677,56662,79,2095,0
192.168.1.176,10.0.0.87,51.67352127205502,64868,89,7344,0
192.168.1.50,10.0.0.179,96.84734692360914,24360,13,6054,0
192.168.1.211,10.0.0.167,83.77277811194512,39455,79,7999,0
192.168.1.94,10.0.0.109,9.480735489928625,64542,4,6826,0
192.168.1.89,10.0.0.114,39.74735744624654,24159,9,4041,0
192.168.1.104,10.0.0.49,7.794928401845464,33576,85,1946,0
192.168.1.28,10.0.0.211,86.79655393879885,9942,7,5384,0
192.168.1.219,10.0.0.45,94.27134504106253,15242,61,8707,0
192.168.1.152,10.0.0.172,90.52414652110699,57519,78,6377,0
192.168.1.72,10.0.0.209,67.89444682134126,48445,74,8642,1
192.168.1.220,10.0.0.177,92.35202146507821,19911,9,596,0
192.168.1.149,10.0.0.15,70.90665644382888,65103,75,7761,0
192.168.1.56,10.0.0.122,13.668826655347086,32959,79,3351,0
192.168.1.24,10.0.0.255,64.56998859493312,23208,36,7065,0
192.168.1.117,10.0.0.144,83.66667974245055,8634,41,4577,1
192.168.1.131,10.0.0.250,88.0247200151807,53051,62,7545,0
192.168.1.34,10.0.0.232,46.07318953022307,28230,60,217,0
192.168.1.60,10.0.0.246,34.61817912255263,52322,4,3988,0
192.168.1.92,10.0.0.112,4.069442693451183,64834,23,8421,0
192.168.1.215,10.0.0.149,11.331463957677753,44448,93,422,0
192.168.1.59,10.0.0.251,41.347183590600906,13462,6,8226,0
192.168.1.237,10.0.0.149,40.31685228693427,22336,60,5209,0
192.168.1.79,10.0.0.127,63.19829244070472,28011,25,482,0
192.168.1.229,10.0.0.27,59.82615464867898,24671,72,8357,0
192.168.1.223,10.0.0.15,71.32490554303853,56873,35,8334,0
192.168.1.13,10.0.0.85,40.130904570431134,25708,38,1618,0
192.168.1.10,10.0.0.59,89.6092447066783,44471,8,7336,0
192.168.1.47,10.0.0.24,65.85204910428693,61151,3,2310,0
192.168.1.143,10.0.0.17,24.79875605787194,61376,63,2901,0
192.168.1.133,10.0.0.72,22.39518555239221,29706,19,3987,0
192.168.1.47,10.0.0.237,96.5022869325271,36263,64,1511,0
192.168.1.13,10.0.0.59,11.46320301233625,34513,42,233,0
192.168.1.93,10.0.0.186,43.25878031054599,34747,56,2218,1
192.168.1.104,10.0.0.9,65.34198148774456,35384,90,2229,0
192.168.1.102,10.0.0.122,55.311452138531784,16819,70,1778,0
192.168.1.42,10.0.0.123,60.7169535663948,11964,18,208,0
192.168.1.108,10.0.0.37,24.57605664932581,8073,88,4998,0
192.168.1.177,10.0.0.135,93.99602875181435,58979,54,8087,0
192.168.1.71,10.0.0.23,14.030579434130074,44399,56,9478,0
192.168.1.129,10.0.0.87,10.4758286789436,28571,61,4526,0
192.168.1.243,10.0.0.52,70.87970868004375,21575,62,1587,0
192.168.1.131,10.0.0.195,17.95297443924492,64879,77,6104,0
192.168.1.223,10.0.0.64,8.417782495398718,11648,25,3254,1
192.168.1.186,10.0.0.122,43.13165663485376,37889,54,6175,0
192.168.1.119,10.0.0.100,6.477947071079113,46581,25,3356,0
192.168.1.162,10.0.0.46,67.85363771555797,30715,90,7877,0
192.168.1.26,10.0.0.173,40.04150847953401,24867,27,5606,0
192.168.1.38,10.0.0.159,76.76145263818783,32267,42,2150,0
192.168.1.100,10.0.0.188,62.567773676821695,37270,71,6612,0
192.168.1.58,10.0.0.120,27.057644184745815,65173,72,8451,0
192.168.1.132,10.0.0.6,1.4193952603020703,37192,52,9123,0
192.168.1.189,10.0.0.62,64.0492678660185,55889,26,3221,0
192.168.1.74,10.0.0.197,69.7712266138233,55088,93,8450,0
192.168.1.180,10.0.0.33,87.7060161726382,4381,74,9000,0
192.168.1.135,10.0.0.155,67.0547493264892,3873,97,827,0
192.168.1.165,10.0.0.50,96.46820412421523,32673,79,4424,0
192.168.1.144,10.0.0.26,53.17767875820413,43996,65,1876,0
192.168.1.49,10.0.0.26,62.432151875846884,12365,31,4355,0
192.168.1.101,10.0.0.158,26.825823702462674,60831,68,5244,0
192.168.1.142,10.0.0.136,57.14220769411383,57283,50,1568,0
192.168.1.65,10.0.0.233,53.26035290351875,24663,87,2249,0
192.168.1.67,10.0.0.177,92.42372518900316,4112,56,6301,1
192.168.1.115,10.0.0.14,28.301641499213375,47754,86,9301,0
192.168.1.72,10.0.0.187,49.638596994620876,8223,51,3795,1
192.168.1.253,10.0.0.126,43.60261661637459,8394,40,7082,0
192.168.1.92,10.0.0.148,98.0781537842745,24464,44,3504,0
192.168.1.134,10.0.0.223,68.66940657652013,55675,78,4650,0
192.168.1.9,10.0.0.70,55.191928160196774,44326,57,5737,0
192.168.1.210,10.0.0.241,75.28363279004539,61559,74,8497,0
192.168.1.224,10.0.0.245,18.83695314167033,38969,74,8617,0
192.168.1.85,10.0.0.213,91.06005997520263,32437,50,6052,0
192.168.1.16,10.0.0.164,47.01810216330741,7927,80,6546,0
192.168.1.207,10.0.0.215,47.42898827181136,5873,83,951,0
192.168.1.115,10.0.0.62,42.19803733527542,11992,30,4108,0
192.168.1.102,10.0.0.53,74.02113168236326,36493,23,2442,1
192.168.1.77,10.0.0.89,60.93157432498618,20720,50,2950,0
192.168.1.65,10.0.0.105,83.3936187046102,32227,87,9922,0
192.168.1.94,10.0.0.187,43.77098860426715,41802,36,7949,0
192.168.1.65,10.0.0.180,19.987783784778742,61876,18,7355,0
192.168.1.44,10.0.0.117,80.81425991174703,59293,20,5228,0
192.168.1.194,10.0.0.212,66.40547254722402,8502,65,3173,0
192.168.1.230,10.0.0.227,82.1186256114622,4069,37,9305,0
192.168.1.249,10.0.0.238,21.415926172918653,29945,35,6581,0
192.168.1.69,10.0.0.85,47.54838535578728,24601,28,9363,0
192.168.1.215,10.0.0.61,18.856980140878672,52815,97,3175,0
192.168.1.221,10.0.0.10,21.731910186814876,20146,9,5928,0
192.168.1.74,10.0.0.56,75.76471473178206,60,52,6354,0
192.168.1.207,10.0.0.172,31.812771284388617,24590,92,1628,0
192.168.1.191,10.0.0.200,39.07392171236472,56914,96,8444,0
192.168.1.20,10.0.0.84,97.13642701083968,31907,96,1122,0
192.168.1.223,10.0.0.81,3.9550861554604975,15897,81,2116,0
192.168.1.6,10.0.0.174,71.72086205464316,15376,86,2710,0
192.168.1.126,10.0.0.4,65.0139039216136,29880,58,6415,0
192.168.1.4,10.0.0.43,2.637324995091941,23959,84,8108,0
192.168.1.218,10.0.0.179,9.29379260863965,6107,69,2758,0
192.168.1.14,10.0.0.129,39.52300206369488,51949,66,5133,0
192.168.1.131,10.0.0.151,83.43457980921802,6386,5,5757,0
192.168.1.59,10.0.0.178,65.54827086438281,32401,99,7278,0
192.168.1.153,10.0.0.153,60.2166129828749,51239,9,5482,0
192.168.1.163,10.0.0.118,4.059984771184066,55001,51,4106,0
192.168.1.169,10.0.0.173,70.0933999613295,19909,40,9970,0
192.168.1.40,10.0.0.131,53.8058778171331,29735,43,7717,0
192.168.1.211,10.0.0.162,76.12361678370966,64023,80,747,0
192.168.1.167,10.0.0.179,99.53667170832763,21198,86,8222,0
192.168.1.24,10.0.0.92,65.01554433096264,47276,68,120,0
192.168.1.147,10.0.0.115,81.68108817493723,46630,19,5880,0
192.168.1.77,10.0.0.138,62.26588631770237,6004,66,3815,0
192.168.1.67,10.0.0.37,29.928381025539416,61488,44,2687,0
192.168.1.180,10.0.0.243,31.253771787112257,65523,41,6413,0
192.168.1.185,10.0.0.208,38.94237582715744,46992,68,2480,0
192.168.1.24,10.0.0.88,49.71364597226354,5927,81,9248,0
192.168.1.116,10.0.0.57,12.818761565811315,12261,11,9709,0
192.168.1.163,10.0.0.246,50.78005454991603,5840,33,8184,0
192.168.1.13,10.0.0.40,76.40406124078709,43297,87,4821,0
192.168.1.225,10.0.0.49,21.420644678178448,52296,94,3740,0
192.168.1.56,10.0.0.75,40.2617441481549,25485,18,2662,0
192.168.1.220,10.0.0.49,7.727643017576871,32267,19,5125,0
192.168.1.37,10.0.0.212,40.78567878181701,2444,63,6254,0
192.168.1.48,10.0.0.39,1.9032088381187604,41964,83,3523,0
192.168.1.220,10.0.0.255,82.40274285627233,5777,6,8152,0
192.168.1.102,10.0.0.98,56.114603194834906,60968,61,6206,0
192.168.1.14,10.0.0.135,10.27104868940497,55344,18,3738,0
192.168.1.127,10.0.0.227,88.99222962965501,6032,67,8508,0
192.168.1.233,10.0.0.206,29.663204069158308,9625,15,1616,0
192.168.1.116,10.0.0.233,84.4890741702422,23294,51,2954,0
192.168.1.95,10.0.0.89,64.42469685754705,54953,90,1623,0
192.168.1.255,10.0.0.82,78.68141363708256,53836,30,6812,0
192.168.1.169,10.0.0.118,83.47304655201972,51247,10,6750,0
192.168.1.57,10.0.0.244,3.1392629372335668,19117,74,4380,0
192.168.1.173,10.0.0.215,48.39643887122905,52868,46,5051,0
192.168.1.228,10.0.0.206,74.53009865673761,33168,71,1420,0
192.168.1.206,10.0.0.55,68.15776525943971,3306,88,5701,1
192.168.1.81,10.0.0.5,55.94313213353602,31255,91,3810,0
192.168.1.87,10.0.0.144,85.70362895101461,56475,93,1646,0
192.168.1.33,10.0.0.178,8.812778829318768,35230,91,4401,0
192.168.1.5,10.0.0.242,67.52685098557787,18666,9,8206,0
192.168.1.103,10.0.0.105,74.69238220291531,35363,5,2318,0
192.168.1.202,10.0.0.126,31.91374495703351,13705,66,2567,0
192.168.1.154,10.0.0.193,55.549842352868744,45770,38,8647,0
192.168.1.101,10.0.0.8,4.087887838858461,5038,14,4930,0
192.168.1.38,10.0.0.114,94.65985533715171,4797,88,3484,0
192.168.1.3,10.0.0.205,59.37059153403803,31798,30,4649,0
192.168.1.106,10.0.0.78,11.089879103431032,44164,20,3818,0
192.168.1.166,10.0.0.80,79.19547410888208,46276,45,5713,0
192.168.1.222,10.0.0.56,93.38030331395785,36127,34,5665,0
192.168.1.53,10.0.0.229,16.87593742659593,9027,26,5491,1
192.168.1.212,10.0.0.106,58.880124969245635,55083,53,1093,0
192.168.1.125,10.0.0.89,60.05697133515688,51159,47,9680,0
192.168.1.223,10.0.0.9,70.55571593371312,45028,34,8280,0
192.168.1.110,10.0.0.159,67.2559182140011,17499,48,208,0
192.168.1.74,10.0.0.108,96.08705829073902,51356,32,9720,0
192.168.1.83,10.0.0.3,56.323950159406294,41489,21,4331,0
192.168.1.48,10.0.0.189,52.47718747160776,12627,91,4080,1
192.168.1.81,10.0.0.41,89.90122372742938,61265,58,1961,0
192.168.1.168,10.0.0.97,58.59644990845366,24398,66,2007,0
192.168.1.180,10.0.0.155,67.31231497367394,52013,27,6448,0
192.168.1.24,10.0.0.157,24.550677267055175,21570,66,9820,0
192.168.1.169,10.0.0.48,40.8933131806866,11370,22,1255,0
192.168.1.161,10.0.0.7,58.46424767582689,65226,98,9999,0
192.168.1.101,10.0.0.109,44.6271115213387,16140,3,3974,0
192.168.1.93,10.0.0.241,73.38418769798677,19487,16,5736,0
192.168.1.139,10.0.0.155,64.2429446730209,3767,80,1668,0
192.168.1.93,10.0.0.215,77.04720340726533,737,32,275,0
192.168.1.227,10.0.0.181,37.93217466567213,51519,30,8390,0
192.168.1.87,10.0.0.112,81.53366421965258,46872,95,7955,0
192.168.1.213,10.0.0.204,19.469055079463047,32023,81,8605,0
192.168.1.55,10.0.0.20,33.48667048180422,30891,66,7284,0
192.168.1.237,10.0.0.208,11.550635851951546,37052,70,9735,0
192.168.1.174,10.0.0.82,92.82401576893936,9979,25,854,0
192.168.1.89,10.0.0.255,54.51668157070131,32580,3,9102,0
192.168.1.24,10.0.0.29,26.820741014579987,57376,46,6635,1
192.168.1.128,10.0.0.198,57.871950932888254,36045,37,5792,0
192.168.1.38,10.0.0.250,14.269258091641055,24141,85,1936,0
192.168.1.208,10.0.0.37,34.32426129485306,19263,83,5059,0
192.168.1.72,10.0.0.10,40.357815882227044,40047,20,4805,0
192.168.1.37,10.0.0.30,31.838698476124936,46099,98,641,0
192.168.1.73,10.0.0.2,97.12808088251862,61138,34,8687,0
192.168.1.136,10.0.0.221,62.249529532863264,57243,33,5238,1
192.168.1.210,10.0.0.4,50.36871545826183,19423,90,8159,0
192.168.1.180,10.0.0.179,78.96147701244685,21610,2,3138,0
192.168.1.140,10.0.0.13,62.26376076003986,23286,34,4659,0
192.168.1.224,10.0.0.35,3.1934855972331224,15855,94,5568,0
192.168.1.101,10.0.0.102,70.54514812445787,62511,52,7757,0
192.168.1.36,10.0.0.206,63.600461990327716,57628,38,1484,0
192.168.1.154,10.0.0.236,73.56988185166813,29141,70,3854,0
192.168.1.149,10.0.0.230,46.14023912769104,21388,93,3982,0
192.168.1.15,10.0.0.164,52.21277714619077,31685,71,8298,0
192.168.1.68,10.0.0.49,20.32823271577443,62815,39,1924,0
192.168.1.241,10.0.0.41,71.72268898800085,53498,88,6973,0
192.168.1.164,10.0.0.25,74.375936563512,32964,34,400,0
192.168.1.94,10.0.0.148,53.915738188170565,42640,79,1578,0
192.168.1.89,10.0.0.232,51.329931183580264,10553,93,5250,0
192.168.1.84,10.0.0.75,40.55256236617385,27971,4,8050,0
192.168.1.159,10.0.0.17,77.02775435606668,27253,49,7652,0
192.168.1.26,10.0.0.170,81.99001825055372,7135,23,4234,0
192.168.1.123,10.0.0.5,50.80735354776121,41545,32,5765,0
192.168.1.127,10.0.0.14,9.196172177106583,8415,62,6136,0
192.168.1.172,10.0.0.41,63.04704661069513,19183,59,3700,0
192.168.1.82,10.0.0.209,31.039464736448338,4587,81,2138,0
192.168.1.3,10.0.0.86,37.469946716035444,10044,87,886,0
192.168.1.130,10.0.0.62,12.74854364874236,7849,94,5561,0
192.168.1.251,10.0.0.216,98.13076320719597,22801,18,5038,0
192.168.1.3,10.0.0.5,77.39974444425715,15401,52,9858,0
192.168.1.170,10.0.0.47,40.51353531720569,8190,61,4690,0
192.168.1.196,10.0.0.190,88.88167154634267,34716,74,6727,0
192.168.1.51,10.0.0.227,0.5314983268443242,56078,10,8799,0
192.168.1.56,10.0.0.153,83.30489693539707,4105,59,1552,0
192.168.1.171,10.0.0.178,8.962622767446094,2443,95,8357,0
192.168.1.210,10.0.0.71,6.326030279773274,55082,55,4634,0
192.168.1.145,10.0.0.162,60.06242713440278,40962,92,5139,1
192.168.1.2,10.0.0.6,33.53286176400557,27775,27,2119,0
192.168.1.209,10.0.0.145,91.39992400269107,9088,57,800,0
192.168.1.45,10.0.0.108,43.16702844454746,5100,1,8330,0
192.168.1.71,10.0.0.62,65.80164177886238,18628,2,2863,0
192.168.1.248,10.0.0.73,62.03700028119432,41345,33,2060,0
192.168.1.36,10.0.0.125,3.4147062850962095,7070,31,6954,0
192.168.1.89,10.0.0.213,82.71339211839087,40144,93,2305,0
192.168.1.136,10.0.0.213,98.41290773617442,29325,75,772,0
192.168.1.88,10.0.0.91,94.5932295901614,38923,42,4291,0
192.168.1.155,10.0.0.58,62.63863581248125,29191,45,6005,0
192.168.1.169,10.0.0.163,28.68245403233988,30070,67,3978,0
192.168.1.242,10.0.0.158,31.896080384349737,16053,72,6391,0
192.168.1.72,10.0.0.228,96.68590838964654,6795,21,1313,0
192.168.1.191,10.0.0.41,30.561892840009122,27761,44,6999,0
192.168.1.218,10.0.0.88,39.88489292107334,53169,7,6153,0
192.168.1.247,10.0.0.73,58.49248486140784,12227,98,3665,0
192.168.1.210,10.0.0.200,63.34512396724383,39253,23,1526,0
192.168.1.14,10.0.0.51,70.13092987339915,57328,53,4707,0
192.168.1.66,10.0.0.38,18.711732199613525,15059,53,5255,0
192.168.1.21,10.0.0.164,82.39629207609245,5779,57,2595,0
192.168.1.184,10.0.0.221,85.06512246773637,65160,98,4811,0
192.168.1.181,10.0.0.255,71.66295424530148,50879,28,339,0
192.168.1.209,10.0.0.73,1.552264717412461,45906,23,5008,0
192.168.1.244,10.0.0.50,76.87126788665175,35233,80,572,0
192.168.1.149,10.0.0.158,14.403682978515782,63531,6,3976,0
192.168.1.14,10.0.0.58,89.35258002633432,22241,78,1642,0
192.168.1.14,10.0.0.97,21.938498971569032,23375,13,9401,0
192.168.1.254,10.0.0.15,14.567382688453964,27998,26,2262,0
192.168.1.131,10.0.0.242,44.31829275131243,30178,59,5910,0
192.168.1.175,10.0.0.238,8.4261710699234,9623,75,3648,0
192.168.1.110,10.0.0.111,97.00622483084108,13069,75,9399,0
192.168.1.189,10.0.0.198,42.1693010996906,18846,80,7716,0
192.168.1.115,10.0.0.68,58.48265316651238,50563,23,4109,0
192.168.1.233,10.0.0.237,44.38102212844513,23996,47,5659,0
192.168.1.231,10.0.0.252,7.7394902330721385,49671,61,2537,0
192.168.1.106,10.0.0.165,99.27135350899503,16013,28,2172,0
192.168.1.128,10.0.0.26,95.03134468396063,35186,95,8237,1
192.168.1.198,10.0.0.29,84.14373686631116,35780,67,7622,0
192.168.1.95,10.0.0.146,49.06420363957899,46608,27,5314,1
192.168.1.38,10.0.0.172,71.11725670537308,15158,96,1799,0
192.168.1.201,10.0.0.48,29.988199123524417,36526,23,337,0
192.168.1.110,10.0.0.57,90.56803873847204,11018,99,5305,0
192.168.1.48,10.0.0.55,37.14525911821182,38224,45,511,0
192.168.1.19,10.0.0.53,34.11002681936096,31997,79,1767,0
192.168.1.241,10.0.0.199,40.436347362281275,52965,26,131,0
192.168.1.79,10.0.0.152,75.12255921718095,34890,74,5787,0
192.168.1.53,10.0.0.113,77.30621148799113,20015,68,5667,0
192.168.1.104,10.0.0.5,59.68138621983112,18822,99,8193,0
192.168.1.90,10.0.0.23,31.611756663680328,10307,89,5596,0
192.168.1.139,10.0.0.161,12.95974457897762,40332,38,9741,0
192.168.1.86,10.0.0.14,3.737609445282286,61771,75,2156,0
192.168.1.194,10.0.0.242,28.054015945945505,50498,80,726,0
192.168.1.36,10.0.0.83,95.38678077333039,16624,43,7087,0
192.168.1.42,10.0.0.250,72.22917206579774,56379,61,1634,0
192.168.1.123,10.0.0.153,35.72743488781312,56714,40,4871,0
192.168.1.139,10.0.0.92,58.910597987785295,31602,78,4540,0
192.168.1.36,10.0.0.22,90.80072225297786,5490,61,6068,0
192.168.1.58,10.0.0.230,9.570804723501531,54132,86,9717,0
192.168.1.13,10.0.0.233,89.19013726315622,51265,42,6135,0
192.168.1.224,10.0.0.156,46.29239453451822,18937,4,2672,0
192.168.1.216,10.0.0.38,93.77651852386805,24326,18,8341,1
192.168.1.95,10.0.0.160,50.595948665954005,25217,84,7067,0
192.168.1.63,10.0.0.32,66.74194648274133,20345,33,336,0
192.168.1.222,10.0.0.249,39.91940214123172,19608,13,4537,0
192.168.1.132,10.0.0.85,71.39919022968586,38512,93,223,0
192.168.1.64,10.0.0.228,32.48167867952262,4658,30,9000,0
192.168.1.158,10.0.0.77,48.80921686942801,49572,69,3808,0
192.168.1.11,10.0.0.203,69.89133209320518,31697,68,427,0
192.168.1.41,10.0.0.160,64.90863923957947,54152,37,947,0
192.168.1.194,10.0.0.194,21.693714769856445,12757,39,6783,0
192.168.1.1,10.0.0.234,11.976272482322802,2048,94,5626,0
192.168.1.3,10.0.0.105,92.0841719764816,17139,95,2710,0
192.168.1.73,10.0.0.118,5.541611587921278,33834,49,300,0
192.168.1.226,10.0.0.31,28.826562631845942,34106,1,674,0
192.168.1.229,10.0.0.103,22.95633712967827,43635,55,557,0
192.168.1.33,10.0.0.234,56.6970097311254,36018,15,930,0
192.168.1.207,10.0.0.32,9.804688028452436,57865,38,9336,0
192.168.1.171,10.0.0.25,73.05960506746244,56193,37,6367,0
192.168.1.238,10.0.0.174,14.285223650305015,6655,16,559,0
192.168.1.114,10.0.0.8,70.53211593652277,3763,36,2228,0
192.168.1.22,10.0.0.61,38.78682672166742,24068,30,4500,0
192.168.1.196,10.0.0.194,58.336209593858484,59830,22,8132,0
192.168.1.39,10.0.0.171,54.51860963382248,2550,10,4736,0
192.168.1.191,10.0.0.125,47.011130100126216,59217,58,2787,0
192.168.1.141,10.0.0.58,66.64347841809382,37464,87,9042,0
192.168.1.200,10.0.0.90,36.79909865463827,21414,85,1667,0
192.168.1.13,10.0.0.174,12.393645596787055,44242,86,3969,0
192.168.1.246,10.0.0.7,97.5494333390919,57711,38,6921,0
192.168.1.218,10.0.0.82,31.521963236788814,53260,49,6778,0
192.168.1.238,10.0.0.222,0.8843489131766902,57146,32,219,0
192.168.1.142,10.0.0.56,69.3022676227727,20347,99,7915,0
192.168.1.30,10.0.0.245,42.913717352154016,37522,84,4572,0
192.168.1.24,10.0.0.191,33.206124274281855,57096,9,7677,0
192.168.1.41,10.0.0.88,38.966950735078086,12688,60,4660,0
192.168.1.112,10.0.0.167,8.098518501152498,40392,7,5207,0
192.168.1.48,10.0.0.227,75.86240372710064,51078,62,9060,0
192.168.1.181,10.0.0.45,17.858127446633155,44058,5,7235,0
192.168.1.59,10.0.0.74,84.2158838837015,50987,42,5302,0
192.168.1.71,10.0.0.20,24.12076546871523,3833,58,2913,0
192.168.1.2,10.0.0.112,30.7909179336673,20463,97,8341,0
192.168.1.205,10.0.0.198,69.79499994662017,22414,52,8043,0
192.168.1.113,10.0.0.242,14.107843030390203,31002,48,6138,0
192.168.1.236,10.0.0.220,51.37292287998761,57610,26,8026,0
192.168.1.59,10.0.0.184,19.74379629793429,41444,42,6342,0
192.168.1.165,10.0.0.117,96.74617164092076,53311,39,1175,0
192.168.1.108,10.0.0.185,87.88306740054946,63441,68,4491,0
192.168.1.167,10.0.0.103,26.565426941553845,62444,30,4309,0
192.168.1.104,10.0.0.148,8.581536722317933,56515,9,9415,0
192.168.1.243,10.0.0.47,18.67824023215647,12146,40,8911,0
192.168.1.190,10.0.0.242,99.66601276625791,47449,27,3263,0
192.168.1.97,10.0.0.160,58.06670509298595,33949,46,9276,0
192.168.1.160,10.0.0.87,72.75191080481532,30884,11,4650,0
192.168.1.82,10.0.0.168,16.88426749186818,44382,33,2465,0
192.168.1.105,10.0.0.79,80.7357524563826,15482,28,3560,0
192.168.1.193,10.0.0.176,31.728450237097313,57167,71,4478,0
192.168.1.182,10.0.0.6,33.26660871342334,35473,13,5509,0
192.168.1.38,10.0.0.183,13.461047999904247,28621,81,1644,0
192.168.1.27,10.0.0.168,38.74536429306037,44303,65,2280,0
192.168.1.122,10.0.0.210,60.236971847086025,11005,37,1956,0
192.168.1.90,10.0.0.111,65.5113681345935,62260,82,4875,0
192.168.1.143,10.0.0.197,27.293608073862433,18773,63,9358,0
192.168.1.129,10.0.0.236,0.5008673754486713,33682,60,4156,0
192.168.1.79,10.0.0.24,63.198293790710885,64421,7,3045,0
192.168.1.182,10.0.0.127,71.62724884651482,34612,15,1557,0
192.168.1.173,10.0.0.99,49.5456721380055,18912,52,5243,0
192.168.1.74,10.0.0.129,90.86370900780842,27912,90,337,0
192.168.1.241,10.0.0.24,31.42933307440531,21328,93,534,0
192.168.1.156,10.0.0.172,1.8111144413147806,428,100,2612,0
192.168.1.113,10.0.0.252,19.55298691215746,51132,74,9808,0
192.168.1.184,10.0.0.49,94.536997305776,34172,55,3025,0
192.168.1.147,10.0.0.154,71.29493961370191,6166,59,384,0
192.168.1.11,10.0.0.12,13.467509762897395,33944,84,5884,0
192.168.1.197,10.0.0.197,52.024823332965795,24450,66,6151,0
192.168.1.51,10.0.0.36,84.58870762753354,64552,36,601,0
192.168.1.198,10.0.0.202,34.21071750557414,33736,8,430,0
192.168.1.207,10.0.0.104,7.771523714790893,23249,42,9608,0
192.168.1.49,10.0.0.38,84.97356196091644,34582,65,1290,0
192.168.1.37,10.0.0.76,47.67589733844186,2729,50,4711,0
192.168.1.233,10.0.0.213,20.98044853304588,47884,27,3569,0
192.168.1.223,10.0.0.211,10.992285802585778,7298,41,1428,0
192.168.1.168,10.0.0.86,8.213269643721597,23591,89,3424,0
192.168.1.37,10.0.0.249,97.32523104772496,11766,90,4492,0
192.168.1.187,10.0.0.155,45.33225369291109,19473,28,9259,0
192.168.1.155,10.0.0.157,19.47413780037064,796,71,3677,0
192.168.1.255,10.0.0.221,52.09065821434612,14159,9,7561,0
192.168.1.8,10.0.0.23,59.353410211798554,13284,2,6289,0
192.168.1.148,10.0.0.199,6.715396305482877,26127,34,1371,0
192.168.1.9,10.0.0.198,11.085650198330947,22559,17,5627,0
192.168.1.113,10.0.0.46,77.72912901363964,41008,38,3404,0
192.168.1.116,10.0.0.216,97.08676989260893,38955,72,2566,0
192.168.1.76,10.0.0.135,38.223917185587624,63181,34,7474,0
192.168.1.99,10.0.0.208,23.44422093656068,38857,54,5520,0
192.168.1.92,10.0.0.116,72.1505465520167,21641,93,7518,0
192.168.1.141,10.0.0.168,41.10399378999885,56177,41,9532,0
192.168.1.14,10.0.0.208,78.60841144805201,7177,94,7317,0
192.168.1.66,10.0.0.6,49.43057380928513,46281,95,8271,0
192.168.1.137,10.0.0.184,61.920414050963025,50212,12,393,0
192.168.1.181,10.0.0.185,61.5694966531174,34273,80,9220,0
192.168.1.153,10.0.0.238,80.14905833628909,17660,8,4902,0
192.168.1.180,10.0.0.180,88.35094099494749,57288,84,5159,0
192.168.1.119,10.0.0.52,59.962124448926716,25970,45,3775,0
192.168.1.48,10.0.0.78,0.8793314756150236,52874,28,4491,0
192.168.1.23,10.0.0.77,54.18143018015755,1036,10,867,0
192.168.1.242,10.0.0.179,14.324146467083374,47972,35,7221,0
192.168.1.150,10.0.0.144,30.358576854720855,55272,65,1861,0
192.168.1.54,10.0.0.87,81.41456408391473,40223,32,6608,0
192.168.1.44,10.0.0.35,10.697772248118348,14341,51,3264,0
192.168.1.209,10.0.0.89,82.65586535656112,61523,83,1350,0
192.168.1.96,10.0.0.194,38.306932012094954,53106,27,7394,0
192.168.1.137,10.0.0.210,91.91737338593845,5603,75,5495,0
192.168.1.228,10.0.0.226,94.71851903251422,49865,1,5153,0
192.168.1.192,10.0.0.47,71.35702833570356,39200,22,6966,0
192.168.1.123,10.0.0.223,70.87131891845414,53546,33,8084,0
192.168.1.12,10.0.0.131,12.732501790366179,49398,54,1559,0
192.168.1.148,10.0.0.8,69.74375903007953,54278,65,4460,0
192.168.1.125,10.0.0.23,86.74124761268536,62481,20,1008,0
192.168.1.34,10.0.0.243,41.52635130830877,53681,84,1132,0
192.168.1.93,10.0.0.143,64.27839059312804,9362,78,4668,0
192.168.1.38,10.0.0.131,31.076699650117092,55505,83,4076,0
192.168.1.125,10.0.0.112,11.947566289874613,42411,71,9307,0
192.168.1.126,10.0.0.28,51.764139779804474,23891,66,3979,0
192.168.1.143,10.0.0.215,14.71255815277655,57055,27,3415,0
192.168.1.191,10.0.0.244,51.24416272696811,64578,68,5273,0
192.168.1.21,10.0.0.210,36.87236169907725,828,46,8002,0
192.168.1.53,10.0.0.63,48.871408648068716,28245,65,3802,0
192.168.1.236,10.0.0.90,86.112796602963,30111,3,256,0
192.168.1.123,10.0.0.144,4.390622172964331,63582,11,6146,0
192.168.1.205,10.0.0.72,51.59503891873612,50664,66,7034,0
192.168.1.247,10.0.0.174,56.603187583152696,7144,72,4727,0
192.168.1.195,10.0.0.161,52.59562662469236,33034,31,9968,0
192.168.1.36,10.0.0.58,68.18860073351951,53623,62,5900,0
192.168.1.76,10.0.0.53,63.78549889541743,62433,3,5202,0
192.168.1.207,10.0.0.235,60.6249542639203,26136,100,7207,0
192.168.1.24,10.0.0.192,56.204847009016476,31201,88,3502,0
192.168.1.88,10.0.0.184,94.10873355665063,17259,61,2407,1
192.168.1.32,10.0.0.190,49.64669346527616,4219,27,6047,0
192.168.1.6,10.0.0.212,83.27727359106412,5071,39,6734,0
192.168.1.99,10.0.0.152,10.476559034924723,37088,32,7485,0
192.168.1.178,10.0.0.225,23.395905281802946,62550,62,1231,0
192.168.1.134,10.0.0.110,46.03901238746412,11100,10,6231,0
192.168.1.54,10.0.0.237,42.68960321110615,15323,48,9373,0
192.168.1.59,10.0.0.27,42.777259946219644,9147,24,643,0
192.168.1.48,10.0.0.119,4.507324358189416,61973,72,8619,0
192.168.1.19,10.0.0.75,71.37882823808556,1110,12,1201,1
192.168.1.67,10.0.0.174,35.79501516441362,3050,88,1008,0
192.168.1.243,10.0.0.104,50.135155251198036,37648,74,3731,0
192.168.1.211,10.0.0.85,86.63316099569569,2236,33,1449,0
192.168.1.124,10.0.0.104,59.549510653316915,55252,56,4488,0
192.168.1.72,10.0.0.153,83.83952306987524,12343,39,3669,0
192.168.1.244,10.0.0.214,68.79500745040335,13918,61,1750,0
192.168.1.167,10.0.0.116,50.62577095970972,4673,22,5217,0
192.168.1.166,10.0.0.40,8.337881640787781,5681,72,5212,0
192.168.1.249,10.0.0.174,58.416351077873365,11725,20,1696,0
192.168.1.140,10.0.0.128,5.4456157034893815,58163,9,8915,0
192.168.1.85,10.0.0.17,13.06390178078824,53217,64,1821,0
192.168.1.234,10.0.0.127,19.716471232454097,260,36,300,0
192.168.1.88,10.0.0.33,61.4278878952289,54313,54,3631,0
192.168.1.223,10.0.0.126,66.71813338257887,29677,45,839,0
192.168.1.237,10.0.0.90,55.13310648758429,7309,67,5612,0
192.168.1.93,10.0.0.203,99.5499950469868,16078,63,9391,0
192.168.1.254,10.0.0.29,75.53933478442806,290,94,7451,0
192.168.1.42,10.0.0.55,49.363316661316226,41900,7,7839,0
192.168.1.40,10.0.0.6,7.746705751463843,3072,15,4298,0
192.168.1.249,10.0.0.44,7.398598473707292,9352,28,8624,0
192.168.1.238,10.0.0.226,85.61662510562202,20596,49,4184,0
192.168.1.121,10.0.0.40,21.05109679647698,38333,1,917,0
192.168.1.122,10.0.0.129,79.06166211063291,33809,95,3953,0
192.168.1.167,10.0.0.92,5.514862758709394,50386,2,6359,0
192.168.1.255,10.0.0.36,65.38902638269064,22186,74,3542,0
192.168.1.141,10.0.0.164,62.499963056934114,16367,16,4867,0
192.168.1.193,10.0.0.3,46.60505952856305,44688,44,4617,0
192.168.1.186,10.0.0.201,53.49793918806019,18840,52,9683,1
192.168.1.207,10.0.0.104,66.95623637413536,53974,29,3186,0
192.168.1.238,10.0.0.5,37.693695509054436,37156,98,1846,0
192.168.1.254,10.0.0.43,37.718536734276434,38581,22,6668,0
192.168.1.20,10.0.0.247,64.26914280757018,19095,13,5155,0
192.168.1.225,10.0.0.181,69.86064497528041,4597,24,830,0
192.168.1.83,10.0.0.213,7.566766171467551,9395,51,7066,0
192.168.1.68,10.0.0.117,13.61692560791442,56207,46,6875,0
192.168.1.255,10.0.0.186,72.81248152948244,28206,41,7989,0
192.168.1.40,10.0.0.214,68.09345193069726,56791,17,3933,0
192.168.1.151,10.0.0.130,44.38940356941146,16204,99,4823,0
192.168.1.171,10.0.0.134,0.9765751763441612,45931,15,6105,0
192.168.1.3,10.0.0.228,11.331563105294576,46833,75,8460,0
192.168.1.107,10.0.0.148,30.588049873653087,22661,27,4519,0
192.168.1.111,10.0.0.220,12.376889540420525,62978,12,7021,0
192.168.1.159,10.0.0.154,48.65440186997703,42298,41,5036,0
192.168.1.184,10.0.0.24,47.15474145735627,17944,37,1188,0
192.168.1.169,10.0.0.144,47.94266438335789,63156,92,947,0
192.168.1.102,10.0.0.3,65.82234075729838,62262,31,8931,0
192.168.1.122,10.0.0.95,67.00503509612564,8748,89,513,0
192.168.1.210,10.0.0.41,12.452135309642232,22061,79,8189,0
192.168.1.152,10.0.0.197,7.644437675187843,20973,99,3216,0
192.168.1.193,10.0.0.193,80.171580383772,15597,66,3308,0
192.168.1.124,10.0.0.15,52.517704082591244,36952,14,1654,0
192.168.1.39,10.0.0.143,15.764286703404556,63151,28,6831,0
192.168.1.199,10.0.0.122,3.3088373800322994,28567,15,121,0
192.168.1.159,10.0.0.94,95.83329663336824,48330,53,1274,0
192.168.1.22,10.0.0.51,29.273074477025908,58510,2,7793,0
192.168.1.193,10.0.0.146,25.85379181784755,34409,25,7456,0
192.168.1.55,10.0.0.78,3.4164403701272836,33143,86,5699,0
192.168.1.137,10.0.0.64,22.599471161373387,13256,91,2127,0
192.168.1.112,10.0.0.166,41.66781956265318,18045,28,6480,0
192.168.1.133,10.0.0.128,42.00030817344148,29099,36,3542,0
192.168.1.60,10.0.0.164,55.78033213287247,62640,89,6171,0
192.168.1.214,10.0.0.222,14.143483587555362,21869,58,6989,0
192.168.1.241,10.0.0.196,13.40724112313977,52593,70,1162,0
192.168.1.15,10.0.0.26,25.218665202419984,57662,66,723,0
192.168.1.149,10.0.0.41,56.02042827563643,44737,13,1467,1
192.168.1.70,10.0.0.47,41.57402083535558,44135,54,1290,0
192.168.1.118,10.0.0.230,74.97458783387134,31332,40,4189,0
192.168.1.100,10.0.0.47,82.20405984019928,35985,6,9354,0
192.168.1.57,10.0.0.79,86.09590831348243,11454,37,1948,0
192.168.1.211,10.0.0.177,64.12015765459738,51932,77,2492,0
192.168.1.66,10.0.0.211,1.3829277424143973,61012,21,4627,0
192.168.1.185,10.0.0.143,58.629206704796765,44643,93,6258,0
192.168.1.242,10.0.0.121,51.565445925226186,63216,26,9033,1
192.168.1.28,10.0.0.147,32.74170433090174,22268,70,6811,0
192.168.1.111,10.0.0.19,93.9115917099578,56326,36,5933,0
192.168.1.2,10.0.0.240,38.81198358066448,2158,46,2022,0
192.168.1.174,10.0.0.80,33.27826398749904,45611,7,6056,0
192.168.1.107,10.0.0.217,2.955925291386264,49934,33,6896,0
192.168.1.50,10.0.0.36,41.86385091531476,10690,7,9932,0
192.168.1.84,10.0.0.246,84.42783809234722,64265,2,3627,0
192.168.1.161,10.0.0.101,68.77902134000037,34560,34,7119,1
192.168.1.66,10.0.0.97,8.097646713378591,13560,4,5234,0
192.168.1.165,10.0.0.200,70.71092225602716,63835,68,3909,0
192.168.1.121,10.0.0.178,11.532214604468894,21432,35,2766,0
192.168.1.44,10.0.0.9,3.933615803158557,52653,80,5591,0
192.168.1.64,10.0.0.144,4.54212945020957,22085,10,5749,0
192.168.1.188,10.0.0.240,85.37000729290305,912,45,3201,0
192.168.1.141,10.0.0.161,97.575456699747,60624,10,9123,0
192.168.1.55,10.0.0.149,54.17395730467872,21035,94,6816,0
192.168.1.49,10.0.0.214,22.882689735846586,21862,9,5920,0
192.168.1.51,10.0.0.66,53.24060096788008,21882,72,5641,0
192.168.1.112,10.0.0.169,68.44516954379671,28076,11,6846,0
192.168.1.254,10.0.0.38,60.3218557361965,29914,77,1391,0
192.168.1.236,10.0.0.229,15.827315720715715,53267,34,3054,0
192.168.1.140,10.0.0.224,79.77730564072475,43396,13,1385,0
192.168.1.89,10.0.0.130,25.46950359908656,46839,84,6338,0
192.168.1.128,10.0.0.53,61.823653369401676,62958,9,4825,0
192.168.1.62,10.0.0.226,85.13866101998059,52574,83,2730,0
192.168.1.164,10.0.0.154,16.241919378856316,6193,64,1361,0
192.168.1.233,10.0.0.237,50.317551082590576,2958,89,1322,0
192.168.1.128,10.0.0.133,8.553056450027281,6628,17,1113,0
192.168.1.108,10.0.0.230,37.78499883518531,16173,53,3298,0
192.168.1.255,10.0.0.22,91.38511216247501,60955,92,879,0
192.168.1.73,10.0.0.45,8.169494703788374,3629,80,3034,0
192.168.1.95,10.0.0.117,37.06061786931083,13204,24,2505,0
192.168.1.145,10.0.0.234,94.84555830317026,47126,88,5129,0
192.168.1.5,10.0.0.33,18.6803465250846,31867,50,5910,0
192.168.1.80,10.0.0.211,75.92273372197408,24273,25,5164,0
192.168.1.39,10.0.0.203,86.11693830653172,33200,55,2712,0
192.168.1.74,10.0.0.2,87.79897338542851,23932,61,6399,0
192.168.1.124,10.0.0.139,39.468427503972585,21597,7,536,0
192.168.1.72,10.0.0.91,35.83591190654549,61958,67,3639,0
192.168.1.253,10.0.0.128,10.077196994935555,41603,71,1582,0
192.168.1.71,10.0.0.68,45.07246687658955,61735,35,8855,0
192.168.1.155,10.0.0.175,20.366133560589365,18574,82,3476,1
192.168.1.97,10.0.0.202,38.69119364627537,54650,74,7732,0
192.168.1.73,10.0.0.165,81.25109832379502,52396,73,7549,0
192.168.1.64,10.0.0.95,78.96727434455029,20882,72,3373,0
192.168.1.252,10.0.0.137,22.65875282378607,28021,65,360,0
192.168.1.251,10.0.0.140,70.7124625961183,53526,82,8661,0
192.168.1.162,10.0.0.201,86.02267072760455,52275,60,1922,0
192.168.1.235,10.0.0.24,95.58684325572223,6574,86,1218,0
192.168.1.120,10.0.0.53,44.62790559184555,28678,9,449,0
192.168.1.31,10.0.0.202,41.47283486099615,30169,72,7320,0
192.168.1.27,10.0.0.5,44.735654021933655,9313,45,5624,0
192.168.1.113,10.0.0.25,65.82605556462089,4814,81,2269,0
192.168.1.113,10.0.0.244,91.22942276356227,38752,36,430,0
192.168.1.91,10.0.0.100,43.896912817710366,1297,13,2681,0
192.168.1.25,10.0.0.122,86.85856231463053,27432,5,1598,0
192.168.1.214,10.0.0.46,39.2402810945534,9177,72,8355,0
192.168.1.20,10.0.0.56,79.5926004106515,31781,51,8087,0
192.168.1.192,10.0.0.205,99.10719155419001,4507,72,4962,0
192.168.1.115,10.0.0.248,91.25150875305313,6534,73,9982,0
192.168.1.191,10.0.0.77,60.90875395217459,3673,64,9294,0
192.168.1.172,10.0.0.174,3.194348717534911,24793,55,5531,0
192.168.1.232,10.0.0.138,68.45896544102607,39588,78,505,0
192.168.1.68,10.0.0.248,51.78941777525185,24638,76,2595,0
192.168.1.252,10.0.0.148,86.83012715886878,61002,8,3015,0
192.168.1.216,10.0.0.125,97.95217854493586,30946,70,8862,0
192.168.1.222,10.0.0.30,28.094486885509337,20426,46,1217,0
192.168.1.135,10.0.0.37,12.361828898148122,64467,38,7347,0
192.168.1.40,10.0.0.94,75.6873117560577,14374,68,5426,0
192.168.1.187,10.0.0.210,16.555284397469737,3852,44,788,0
192.168.1.11,10.0.0.48,32.3677264168204,15350,8,451,0
192.168.1.41,10.0.0.169,28.18914717342145,56068,72,2737,0
192.168.1.73,10.0.0.176,15.478099385305981,45747,67,5198,0
192.168.1.64,10.0.0.201,61.362193799134445,38483,46,6381,0
192.168.1.81,10.0.0.44,10.728443099905304,39382,71,1142,0
192.168.1.1,10.0.0.236,58.25820718400031,7395,95,5550,0
192.168.1.165,10.0.0.13,8.871320713622755,6230,49,581,0
192.168.1.251,10.0.0.159,75.944517718851,6674,78,7447,0
192.168.1.23,10.0.0.38,65.2859109816174,46868,80,3506,0
192.168.1.154,10.0.0.201,32.545563872259,47890,74,7174,0
192.168.1.248,10.0.0.220,45.28631232675141,1819,62,5937,0
192.168.1.88,10.0.0.105,84.76918530722024,45891,59,7769,0
192.168.1.102,10.0.0.62,35.08574168701067,21457,32,1400,0
192.168.1.240,10.0.0.127,12.664655845553503,20939,63,3795,0
192.168.1.172,10.0.0.242,64.70884740092973,1596,59,5266,0
192.168.1.1,10.0.0.23,65.26281927607722,33408,43,7050,0
192.168.1.191,10.0.0.5,1.1088986183708047,11041,25,7224,0
192.168.1.28,10.0.0.209,6.2801682407830555,56424,76,1129,0
192.168.1.110,10.0.0.95,71.9432560784312,49446,17,5162,0
192.168.1.29,10.0.0.232,32.785207946895795,58514,85,2463,0
192.168.1.199,10.0.0.233,24.22725313652631,53941,12,6203,0
192.168.1.135,10.0.0.228,89.9487046312825,33638,44,6432,0
192.168.1.115,10.0.0.25,34.97241682916001,62388,27,5069,0
192.168.1.156,10.0.0.103,31.997232550805375,5896,88,976,0
192.168.1.99,10.0.0.7,84.61278196945408,51781,88,6234,0
192.168.1.235,10.0.0.103,70.8736628261238,33620,35,2792,0
192.168.1.129,10.0.0.176,97.23087881729174,23434,21,4935,0
192.168.1.209,10.0.0.160,98.80669852297108,6803,80,4976,0
192.168.1.43,10.0.0.128,67.95774026489426,17676,40,1235,0
192.168.1.169,10.0.0.152,96.56376774880371,37219,87,3933,0
192.168.1.237,10.0.0.119,42.45269444247241,56983,22,6984,0
192.168.1.134,10.0.0.255,86.30401455770863,47307,91,2503,0
192.168.1.11,10.0.0.75,91.08155755755345,46534,77,1207,0
192.168.1.44,10.0.0.148,24.616612864366974,23769,14,1533,1
192.168.1.157,10.0.0.169,19.75708173359191,26639,15,4501,0
192.168.1.246,10.0.0.133,99.23966824369711,11102,73,6245,0
192.168.1.176,10.0.0.244,78.30103603087525,6620,65,4934,0
192.168.1.26,10.0.0.250,75.02320568707607,26610,68,5217,0
192.168.1.235,10.0.0.197,85.81423609234734,45785,64,813,0
192.168.1.164,10.0.0.157,66.51426573890662,7977,39,3718,0
192.168.1.15,10.0.0.87,37.27629713326749,1954,54,8922,0
192.168.1.161,10.0.0.80,34.131641921734264,28152,98,7689,0
192.168.1.95,10.0.0.29,71.18237313950691,37329,85,8870,0
192.168.1.200,10.0.0.79,84.31652469384217,2949,84,7364,0
192.168.1.98,10.0.0.66,66.23737265403531,5506,83,4365,1
192.168.1.233,10.0.0.65,94.95654204100794,63073,14,7771,0
192.168.1.7,10.0.0.205,69.89380365236771,27842,33,5187,0
192.168.1.78,10.0.0.69,34.97414904843844,43231,57,5363,0
192.168.1.144,10.0.0.136,98.78648490198256,41876,50,3187,0
192.168.1.210,10.0.0.60,24.459407932088585,37155,38,8496,0
192.168.1.234,10.0.0.13,84.79936613829487,33714,69,6654,0
192.168.1.238,10.0.0.102,69.9309278510455,42988,9,6451,0
192.168.1.217,10.0.0.170,84.89002804159664,38538,5,8185,0
192.168.1.216,10.0.0.157,68.42722118290753,60585,31,3181,0
192.168.1.41,10.0.0.211,95.413935708117,28571,89,1038,0
192.168.1.47,10.0.0.130,8.404028290667672,19837,11,9829,0
192.168.1.154,10.0.0.206,70.88330725622916,11400,69,9770,0
192.168.1.42,10.0.0.122,48.878259479595314,64197,51,4761,0
192.168.1.119,10.0.0.59,58.40541250962674,56969,3,2017,0
192.168.1.252,10.0.0.132,76.90921412200862,9532,16,9614,0
192.168.1.196,10.0.0.36,83.64561434563677,49199,39,916,0
192.168.1.4,10.0.0.17,51.06157199679006,47159,55,5031,0
192.168.1.214,10.0.0.4,58.01895176847488,10652,53,6749,0
192.168.1.239,10.0.0.12,6.967998810220143,987,82,9663,0
192.168.1.52,10.0.0.166,91.05332558336599,41412,40,1838,0
192.168.1.119,10.0.0.52,87.13173881211513,56033,7,4807,0
192.168.1.102,10.0.0.207,69.6172796610089,50508,50,3853,0
192.168.1.35,10.0.0.169,42.030817177712976,17118,79,2217,0
192.168.1.189,10.0.0.160,53.71223092779159,8197,82,4634,0
192.168.1.247,10.0.0.88,39.4948613662709,30534,29,7322,0
192.168.1.139,10.0.0.242,74.0127795142963,26698,34,5766,0
192.168.1.218,10.0.0.14,37.127683754050246,6521,35,7904,0
192.168.1.220,10.0.0.239,97.51666651341591,42758,38,3415,0
192.168.1.155,10.0.0.158,53.536200388003465,57198,25,7539,1
192.168.1.4,10.0.0.207,97.58593437621221,53293,65,3781,0
192.168.1.241,10.0.0.26,30.26653256071271,28923,36,5685,0
192.168.1.1,10.0.0.207,60.00286814143263,39339,81,468,0
192.168.1.146,10.0.0.213,65.2691288097255,52235,58,7554,0
192.168.1.128,10.0.0.138,22.347463950516747,46812,84,5065,0
192.168.1.128,10.0.0.136,39.733669762236524,25178,67,352,0
192.168.1.47,10.0.0.220,11.250598078876111,40137,18,9122,0
192.168.1.221,10.0.0.77,15.315051412067394,16790,23,8811,0
192.168.1.172,10.0.0.140,3.480638359434742,17813,37,4440,0
192.168.1.80,10.0.0.17,9.509112223107952,64425,60,4490,0
192.168.1.103,10.0.0.143,13.28541204954132,53097,98,9918,0
192.168.1.177,10.0.0.172,43.36892700792956,3319,31,5722,0
192.168.1.24,10.0.0.107,55.004418664305284,45406,61,9503,0
192.168.1.15,10.0.0.230,31.728696874580926,6656,9,2785,0
192.168.1.239,10.0.0.201,65.40379007640914,15084,57,9887,0
192.168.1.33,10.0.0.245,50.448343407026165,15626,20,561,0
192.168.1.176,10.0.0.29,20.13538288613755,4104,19,8268,0
192.168.1.17,10.0.0.74,38.343190829876214,2981,3,9528,0
192.168.1.82,10.0.0.191,46.81019011262157,4144,31,5496,0
192.168.1.207,10.0.0.245,57.99233077892154,46358,4,5849,0
192.168.1.15,10.0.0.160,20.414778059945093,48680,31,6615,0
192.168.1.12,10.0.0.77,27.21577194745385,33043,82,8769,1
192.168.1.34,10.0.0.11,43.83128465534923,33596,13,7207,0
192.168.1.118,10.0.0.162,7.837040799715879,2789,19,9863,0
192.168.1.123,10.0.0.224,20.569301802040417,53165,42,2621,0
192.168.1.61,10.0.0.160,7.3367679882207675,51586,56,3768,0
192.168.1.128,10.0.0.133,4.554213664905959,64351,6,593,0
192.168.1.229,10.0.0.64,41.08715994912694,13974,65,6987,0
192.168.1.159,10.0.0.129,36.90743892493036,545,98,5739,0
192.168.1.106,10.0.0.93,33.48684150926344,62058,45,534,0
192.168.1.244,10.0.0.194,25.19911938931855,13071,50,8440,0
192.168.1.216,10.0.0.154,87.34060901396623,15695,44,3091,0
192.168.1.20,10.0.0.56,81.72726526128017,387,46,6362,0
192.168.1.161,10.0.0.77,58.207572227530264,41655,7,2695,0
192.168.1.168,10.0.0.227,14.296147541304085,11470,78,9989,0
192.168.1.47,10.0.0.76,55.87523669924459,53688,34,6448,0
192.168.1.1,10.0.0.79,70.58256835343215,36024,38,6654,0
192.168.1.89,10.0.0.2,76.07324375636499,41924,1,4188,0
192.168.1.25,10.0.0.195,17.290211700935455,33714,34,2848,0
192.168.1.143,10.0.0.243,20.511851890363843,54548,82,6247,0
192.168.1.104,10.0.0.222,52.720890330806725,64710,53,9153,0
192.168.1.72,10.0.0.130,59.53119864932586,33944,24,489,0
192.168.1.202,10.0.0.127,48.00470201171442,29477,42,3587,0
192.168.1.202,10.0.0.127,89.30397473102762,38255,89,6685,0
192.168.1.142,10.0.0.71,12.208973743856648,37295,1,9826,0
192.168.1.134,10.0.0.150,4.394612000258954,57829,55,9765,0
192.168.1.110,10.0.0.165,59.56491418672741,25937,42,4801,0
192.168.1.39,10.0.0.181,20.221833765089144,26910,40,753,0
192.168.1.240,10.0.0.71,61.521934606852874,63671,27,4179,0
192.168.1.204,10.0.0.77,4.316610370189927,10977,22,1585,0
192.168.1.140,10.0.0.252,8.317543190733158,51095,36,6409,0
192.168.1.68,10.0.0.73,79.47476030087302,57779,25,4846,0
192.168.1.7,10.0.0.199,70.22224560930702,49324,39,1109,0
192.168.1.184,10.0.0.206,81.23643744889496,990,21,2616,0
192.168.1.89,10.0.0.192,33.67558251367123,33839,44,5522,0
192.168.1.62,10.0.0.134,78.1578948411635,12906,6,1579,0
192.168.1.190,10.0.0.113,59.207027780436725,45609,96,5335,0
192.168.1.173,10.0.0.87,22.37211821106514,14681,34,2546,0
192.168.1.195,10.0.0.71,48.60931336963268,52318,85,5384,0
192.168.1.250,10.0.0.7,19.049170566518292,1624,6,587,0
192.168.1.33,10.0.0.80,98.95923912284529,32126,96,9130,0
192.168.1.172,10.0.0.23,58.431663711380395,36839,3,7582,0
192.168.1.219,10.0.0.65,34.89408398679456,149,83,3853,0
192.168.1.30,10.0.0.102,5.648141145847669,43789,1,5588,0
192.168.1.114,10.0.0.209,84.21658457181621,61372,15,9416,0
192.168.1.1,10.0.0.250,5.88927455299462,36871,47,7260,0
192.168.1.183,10.0.0.205,7.38793714059046,27466,12,9097,0
192.168.1.235,10.0.0.108,62.44123531705839,61107,2,7049,0
192.168.1.210,10.0.0.251,87.93608599873822,49568,50,888,0
192.168.1.135,10.0.0.217,51.69296056742835,25191,45,667,0
192.168.1.65,10.0.0.191,66.59824457674317,52702,25,8636,0
192.168.1.60,10.0.0.180,1.4754055724400057,44803,58,3530,0
192.168.1.33,10.0.0.222,14.660440560072704,21525,97,443,0
192.168.1.143,10.0.0.100,74.52902225279435,58825,73,2887,0
192.168.1.98,10.0.0.14,58.9786741415154,50005,73,3050,0
192.168.1.211,10.0.0.3,72.67119496870932,53115,83,7966,0
192.168.1.78,10.0.0.150,31.4316500541514,64992,43,4704,0
192.168.1.75,10.0.0.214,70.74185540425083,36008,76,2091,0
192.168.1.206,10.0.0.107,71.16169857424838,39645,1,7444,0
192.168.1.233,10.0.0.99,7.675587161066085,17041,58,611,0
192.168.1.210,10.0.0.219,11.283759633190671,34008,94,3424,0
192.168.1.249,10.0.0.192,1.294034861112332,62952,40,1788,0
192.168.1.143,10.0.0.44,85.34432400786957,43563,3,4481,0
192.168.1.23,10.0.0.40,13.104712842704364,44839,60,9459,0
192.168.1.159,10.0.0.194,77.21571378570692,48697,6,479,0
192.168.1.40,10.0.0.154,5.9183413071929305,1091,48,1268,1
192.168.1.174,10.0.0.239,10.255875017528119,46970,3,6686,0
192.168.1.199,10.0.0.206,5.719251556507221,49618,70,8376,0
192.168.1.16,10.0.0.102,85.7089801555218,59298,48,4614,0
192.168.1.200,10.0.0.69,71.60071491827577,33555,45,2591,0
192.168.1.166,10.0.0.242,33.41780352873529,6372,65,871,0
192.168.1.227,10.0.0.59,88.771139401177,14130,5,8960,0
192.168.1.64,10.0.0.167,70.60891494772103,19596,98,3925,0
192.168.1.123,10.0.0.105,85.88415484294313,51944,73,5174,0
192.168.1.185,10.0.0.218,38.05611331251404,1612,45,4699,0
192.168.1.80,10.0.0.64,37.04390405063027,35443,39,8489,0
192.168.1.119,10.0.0.235,64.89863220703724,18073,35,8542,0
192.168.1.178,10.0.0.90,33.953903629358415,8176,64,7708,0
192.168.1.240,10.0.0.179,22.73651881028433,33858,28,5418,0
192.168.1.38,10.0.0.168,93.22368308203832,7588,22,2627,0
192.168.1.224,10.0.0.207,22.555338931828288,23059,49,1769,0
192.168.1.164,10.0.0.120,61.428056360065916,38080,88,101,0
192.168.1.204,10.0.0.215,61.30692763968801,27522,53,9534,0
192.168.1.224,10.0.0.239,72.56565037455,64347,41,8413,0
192.168.1.101,10.0.0.177,82.37835202444796,54640,55,673,0
192.168.1.17,10.0.0.82,20.327460473496316,15375,17,282,0
192.168.1.158,10.0.0.91,2.2095472610077147,58674,43,4949,0
192.168.1.185,10.0.0.253,38.97808112428789,42804,99,5790,0
192.168.1.170,10.0.0.68,33.23620339215898,23478,60,1545,0
192.168.1.126,10.0.0.246,54.855754223401036,21853,59,6732,0
192.168.1.192,10.0.0.168,35.320402804345484,5491,51,9583,0
192.168.1.231,10.0.0.42,14.858931447645597,64341,48,256,0
192.168.1.13,10.0.0.108,62.78763967206642,23617,44,925,0
192.168.1.177,10.0.0.5,48.13083635849669,20790,70,7815,0
192.168.1.241,10.0.0.236,77.42754124638572,64693,59,777,0
192.168.1.42,10.0.0.67,30.552715062292123,25175,23,3855,0
192.168.1.255,10.0.0.30,68.4639171965021,16350,35,4298,0
192.168.1.15,10.0.0.76,88.69283706333002,60968,90,4086,0
192.168.1.254,10.0.0.241,30.566795749647824,52645,6,7975,0
192.168.1.224,10.0.0.86,94.64213632465226,65204,30,9254,0
192.168.1.100,10.0.0.80,27.38976183595898,8098,49,8182,0
192.168.1.243,10.0.0.92,43.07425180544785,32194,61,7663,0
192.168.1.242,10.0.0.140,48.893672537365454,40636,14,1673,0
192.168.1.36,10.0.0.174,16.367741152256237,53142,53,1803,0
192.168.1.127,10.0.0.62,80.35017904577275,11068,1,2373,0
192.168.1.227,10.0.0.119,53.10043928049168,2332,56,7038,0
192.168.1.167,10.0.0.227,7.45802003350304,39301,66,1373,0
192.168.1.104,10.0.0.132,61.709183562861504,37589,97,1183,0
192.168.1.173,10.0.0.44,79.85010689646997,16820,41,2587,0
192.168.1.48,10.0.0.25,0.6301470631135091,12939,16,6070,0
192.168.1.168,10.0.0.33,45.0642939365427,2313,35,4621,0
192.168.1.169,10.0.0.128,67.48018454830158,51562,19,2551,0
192.168.1.133,10.0.0.12,32.18981745888006,61378,23,298,0
192.168.1.195,10.0.0.64,47.22271550506883,13118,62,6833,0
192.168.1.69,10.0.0.77,60.847750582440064,51412,37,9716,0
192.168.1.41,10.0.0.146,5.849707358044758,57349,41,1113,0
192.168.1.103,10.0.0.19,14.278614902493816,256,63,7400,0
192.168.1.95,10.0.0.3,89.53671840477686,55889,66,4085,0
192.168.1.87,10.0.0.20,27.711980651658898,63817,36,5415,0
192.168.1.54,10.0.0.141,42.60969272578006,51112,72,8453,0
192.168.1.236,10.0.0.59,27.12833893615578,59120,1,3503,0
192.168.1.94,10.0.0.49,67.589734705702,47339,30,7573,0
192.168.1.112,10.0.0.229,75.06834708831255,1817,93,9137,0
192.168.1.130,10.0.0.155,53.88848019546389,10712,36,7825,0
192.168.1.202,10.0.0.187,57.92607632502676,35497,88,1891,0
192.168.1.162,10.0.0.213,4.0499840403917045,11856,56,6127,0
192.168.1.157,10.0.0.222,93.27183165528376,16483,46,8775,0
192.168.1.6,10.0.0.235,83.36027349806054,10755,8,381,1
192.168.1.106,10.0.0.25,4.185129086412543,48543,34,8504,0
192.168.1.105,10.0.0.166,31.40645524945995,7244,11,6677,0
192.168.1.161,10.0.0.220,7.147152989819905,13194,84,7293,0
